Lat,Lon
-32.10533333,19.36222222
-31.31736111,20.27033333
-31.37358333,18.90308333
-31.38861111,19.18319444
-31.07333333,19.90080556
-31.74308333,19.73425
-31.87686111,19.75036111
-31.28266667,20.26930556
-31.83363889,19.16466667
-31.78913889,18.91563889
-31.52322222,19.18538889
-32.1148,18.71198
-32.16005,18.80112
-31.6113,19.14505
-31.76455,19.02607
-31.72642,19.1388
-31.85147,19.06098
-31.5368,19.15547
-32.27028,18.89777
-32.27363,18.89705
-27.11438889,28.64369444
-26.41927778,28.66491667
-26.90088889,28.46902778
-26.04597222,28.82872222
-27.04313889,28.7625
-26.19761111,29.38930556
-26.17880556,28.93130556
-26.44313889,28.63875
-26.70386111,28.50755556
-26.43622222,28.98711111
-26.70469444,28.84413889
-26.33822222,28.46419444
-26.09366667,29.21336111
-26.44594444,28.57116667
-26.44083333,28.31322222
-26.39669444,29.24997222
-26.07047222,28.94086111
-26.61694444,28.36041667
-26.17325,29.34569444
-26.15825,29.3045
-26.01947222,28.90988889
-26.34313889,29.15894444
-26.17708333,29.35502778
-26.15488889,28.73213889
-27.09011111,28.90036111
-26.17494444,28.67677778
-26.10402778,28.508
-26.17877778,29.13497222
-26.51616667,28.67319444
-26.32916667,29.06241667
-26.61069444,28.68633333
-26.39966667,28.94177778
-26.21980556,28.909
-26.15316667,28.68955556
-27.22152778,29.03183333
-26.68380556,28.93908333
-26.38977778,28.35072222
-26.38436111,28.35069444
-32.87430556,25.26325
-32.78158333,25.49336111
-32.70313889,25.42547222
-32.76377778,25.59872222
-32.96047222,25.7405
-32.36511111,25.09863889
-32.46002778,24.83172222
-32.693,25.3815
-32.86741667,25.34108333
-32.93688889,25.42655556
-32.4,25.10516667
-32.93947222,25.66008333
-32.82763889,25.58866667
-32.34752778,25.39419444
-32.45263889,25.43438889
-32.4085,25.33027778
-32.88127778,25.41327778
-33.05580556,24.85038889
-32.81861111,24.80761111
-33.01297222,25.0565
-32.97694444,24.87555556
-32.90611111,24.88144444
-32.79830556,25.09330556
-32.99138889,24.57958333
-32.812,24.64369444
-32.85297222,24.73163889
-33.20252778,25.19652778
-32.52022222,24.97672222
-33.05977778,24.66
-32.65894444,24.80783333
-32.67886111,24.9485
-33.07047222,25.18238889
-32.85811111,25.11316667
-32.497,24.79825
-32.51263889,24.86816667
-32.54866667,25.05963889
-32.90027778,24.56155556
-32.77438889,24.90394444
-32.62122222,24.77494444
-33.05763889,25.02955556
-32.6915,25.19886111
-28.94672222,26.10208333
-29.07369444,25.96244444
-29.767,26.21583333
-29.23597222,25.89594444
-29.43588889,26.76286111
-29.52027778,25.84675
-29.65755556,26.36816667
-29.34225,25.82625
-29.75433333,26.32011111
-28.92397222,26.177
-30.06247222,26.32216667
-29.62866667,25.85919444
-29.12575,26.71441667
-29.08794444,25.80352778
-29.12736111,25.60277778
-29.83288889,26.55575
-29.78480556,26.55613889
-28.90625,26.03455556
-28.79608333,26.10388889
-29.92052778,25.35813889
-29.38955556,25.37180556
-29.79558333,26.40430556
-29.67052778,26.76755556
-29.07702778,25.93005556
-29.49666667,26.41088889
-29.02,25.91286111
-29.72469444,25.9295
-28.88005556,25.67947222
-29.66391667,26.2895
-29.68577778,26.90461111
-22.67813889,31.16861111
-23.81530556,31.04269444
-23.36747222,29.63505556
-23.07636111,30.4685
-23.24602778,29.28108333
-23.10430556,30.24694444
-23.24397222,30.08647222
-23.79533333,30.48030556
-23.34219444,29.79394444
-23.20561111,30.12236111
-23.24886111,30.37966667
-23.24175,30.18730556
-22.98236111,29.87763889
-22.84413889,31.24294444
-22.36497222,29.93805556
-23.29263889,29.75169444
-23.14155556,30.42452778
-23.07022222,30.35980556
-22.78391667,29.63294444
-23.38472222,30.862
-22.88888889,31.24672222
-22.80163889,30.89902778
-23.20222222,29.32547222
-23.75213889,30.65602778
-22.76308333,30.87016667
-23.31375,30.27708333
-23.2995,30.24694444
-23.17913889,30.18261111
-23.15944444,30.39330556
-22.76069444,30.94075
-23.054,29.29061111
-23.39061111,30.77366667
-22.78911111,30.07205556
-22.84838889,30.57263889
-23.52597222,30.15711111
-23.21177778,30.25769444
-22.90433333,30.67644444
-23.23261111,30.18030556
-23.56986111,30.12975
-22.83761111,30.65961111
-23.33538889,30.66794444
-23.09333333,30.2265
-22.85711111,30.04686111
-23.13375,30.46263889
-22.86702778,29.767
-22.87544444,29.70141667
-22.88755556,29.65669444
-22.87202778,29.72880556
-22.86986111,29.69313889
-22.85419444,29.71219444
-22.88425,29.61216667
-22.8675,29.74613889
-22.85869444,29.80561111
-22.70119444,29.77847222
-29.20172222,30.25058333
-29.02788889,29.88627778
-29.15644444,29.85161111
-29.36263889,30.59319444
-29.52916667,30.41544444
-29.47005556,29.72872222
-29.05933333,30.25952778
-29.31569444,30.69852778
-29.69005556,30.17588889
-29.67991667,29.99222222
-29.23161111,29.92097222
-29.02263889,29.89877778
-29.83616667,29.44691667
-29.19363889,30.48694444
-29.68116667,29.97363889
-28.95088889,29.90994444
-29.28533333,30.75344444
-31.48605556,25.52086111
-31.46408333,24.94916667
-31.78583333,24.46280556
-31.38397222,25.27597222
-31.93527778,25.45886111
-31.60344444,25.49130556
-31.56405556,24.91830556
-32.10883333,25.05019444
-31.88375,25.39166667
-31.53741667,24.53963889
-31.81422222,24.60163889
-31.75269444,25.25563889
-31.26136111,25.21411111
-31.31858333,24.92466667
-31.68230556,24.96613889
-31.91811111,25.54238889
-31.59813889,25.64811111
-31.53522222,24.94052778
-31.56425,25.00519444
-32.01383333,25.31736111
-31.76458333,25.65563889
-31.72738889,25.30030556
-31.45783333,24.68283333
-31.74505556,25.65197222
-31.33313889,25.41113889
-31.61225,25.2195
-31.79922222,24.73263889
-31.95816667,25.03219444
-31.61591667,24.66816667
-32.01186111,25.52344444
-31.398,25.47947222
-31.97552778,25.16983333
-31.88527778,24.81094444
-31.84377778,25.46869444
-31.62422222,24.7505
-31.89444444,24.97486111
-31.75911111,25.59511111
-32.17027778,25.29805556
-31.29838889,25.20283333
-32.15486111,25.02563889
-31.76802778,25.08663889
-31.844,24.50691667
-31.81186111,25.31852778
-31.716,25.35547222
-31.38769444,25.18061111
-31.66461111,25.71397222
-32.04608333,25.48747222
-32.19288889,24.82327778
-32.06505556,24.824
-32.05513889,28.22463889
-32.99613889,27.38805556
-32.82955556,27.81891667
-33.16463889,27.26438889
-32.50736111,28.30744444
-32.25030556,28.32441667
-33.03627778,27.47044444
-33.16375,27.52094444
-32.57613889,28.309
-32.26063889,28.20255556
-32.80169444,27.73977778
-32.89547222,27.63258333
-32.72452778,28.07161111
-32.67083333,28.30425
-32.32566667,27.64147222
-32.79336111,27.74552778
-33.13683333,27.679
-32.64105556,28.09616667
-33.06075,27.57313889
-33.06030556,27.71547222
-32.38791667,27.58183333
-32.89175,28.07913889
-32.68613889,27.59313889
-32.61683333,27.66247222
-32.64858333,28.24072222
-33.11988889,27.72166667
-32.80688889,27.84933333
-32.62683333,27.95391667
-32.54444444,27.55430556
-34.35227778,20.82855556
-34.03075,20.32780556
-34.26691667,20.60913889
-34.10861111,21.16775
-34.11294444,20.44452778
-34.14311111,21.15875
-34.27263889,20.86530556
-34.15202778,21.13336111
-34.01797222,20.78441667
-34.05786111,20.59402778
-34.07247222,20.62127778
-34.34113889,20.43594444
-34.09622222,20.55047222
-34.41641667,20.8105
-34.04922222,20.575
-28.12130556,24.65819444
-29.76422222,24.91172222
-27.97883333,24.80008333
-29.09233333,23.52744444
-29.43169444,24.58277778
-28.47655556,23.85225
-29.11544444,25.1735
-29.41416667,23.6915
-28.12655556,24.30113889
-28.52833333,25.07591667
-28.41780556,24.47652778
-29.4915,23.91780556
-27.97580556,24.01519444
-28.29555556,24.96016667
-28.89972222,23.76366667
-28.25022222,25.08469444
-29.68475,24.75133333
-28.05777778,24.68430556
-28.28127778,25.15366667
-28.12425,25.08183333
-29.55038889,27.00558333
-28.61436111,27.97986111
-28.47019444,27.19444444
-28.62236111,28.06041667
-28.64744444,27.88658333
-29.44980556,27.32797222
-28.86205556,27.01272222
-28.759,27.84255556
-28.56194444,27.58516667
-28.63602778,28.11833333
-29.19786111,27.50286111
-29.15975,27.56241667
-28.70658333,27.34830556
-29.22436111,27.32463889
-29.17836111,27.02216667
-29.37577778,27.29344444
-28.76241667,27.08286111
-28.71772222,26.63661111
-28.82569444,27.67777778
-28.64975,27.00891667
-28.8815,26.79016667
-29.10772222,26.78722222
-28.71241667,27.15283333
-28.62297222,27.98641667
-29.10838889,27.45205556
-28.96441667,27.69052778
-31.79005556,24.37461111
-31.83130556,24.27280556
-32.84138889,24.34586111
-31.80244444,24.23291667
-32.23583333,24.6385
-32.70138889,23.64030556
-32.04502778,24.20558333
-32.63672222,23.62463889
-32.84213889,24.26341667
-32.90141667,24.39797222
-32.40608333,23.43713889
-32.42313889,24.33825
-32.53866667,24.52105556
-32.50955556,23.815
-32.26747222,23.69405556
-32.49233333,23.56916667
-32.766,24.13758333
-32.52727778,24.10491667
-32.77347222,23.84591667
-32.12569444,24.17502778
-32.41461111,24.01788889
-32.16502778,24.2355
-32.46105556,24.09069444
-32.67766667,23.74025
-32.67355556,24.11388889
-32.60808333,23.59544444
-32.18097222,24.46883333
-32.8705,24.1665
-32.58088889,24.46361111
-32.10191667,24.60966667
-32.95925,24.36686111
-32.67858333,24.34222222
-32.27583333,24.24275
-32.45788889,24.45258333
-32.93152778,24.39391667
-32.91111111,23.89972222
-32.17455556,24.12144444
-32.21427778,24.33775
-32.45697222,23.87325
-32.74161111,23.76633333
-32.46719444,23.64816667
-32.36255556,24.06894444
-32.38027778,23.79316667
-32.82361111,24.5425
-32.24144444,24.22436111
-26.39072222,27.33144444
-26.232,27.57147222
-26.62530556,26.90663889
-25.99669444,27.30119444
-26.44836111,26.67722222
-26.04947222,27.43316667
-26.12994444,26.42041667
-25.88797222,26.16566667
-25.73205556,27.28208333
-26.26344444,26.51258333
-26.36516667,27.55425
-26.12897222,26.38747222
-26.41861111,26.92533333
-25.71905556,27.10919444
-26.38925,27.02077778
-26.4805,27.42302778
-25.84283333,26.71977778
-26.32608333,26.87019444
-25.83602778,26.67858333
-26.17683333,26.34275
-26.49138889,26.97311111
-24.92297222,30.62216667
-25.71011111,31.49852778
-25.39333333,31.08575
-24.41336111,30.84152778
-25.34063889,30.87188889
-24.87627778,31.24530556
-25.03438889,31.12616667
-25.38947222,31.04555556
-24.902,31.75597222
-25.02813889,31.20405556
-25.44163889,30.82222222
-23.75163889,31.37422222
-25.10377778,31.51552778
-23.92383333,31.22625
-24.96422222,31.33319444
-24.60894444,30.53247222
-24.66219444,31.06472222
-25.54977778,31.22655556
-25.55797222,31.92019444
-25.71275,31.79625
-24.54775,30.69836111
-24.96383333,31.32944444
-25.42197222,30.77011111
-24.34011111,30.99691667
-25.32138889,31.88141667
-25.65727778,30.93280556
-25.306,31.03677778
-25.48297222,31.10558333
-25.074,30.97427778
-33.75969444,24.78433333
-33.93502778,25.01316667
-33.99494444,24.73511111
-33.26055556,24.60227778
-34.011,24.63983333
-33.93519444,24.98052778
-33.71555556,24.73588889
-33.76455556,24.74369444
-33.65327778,24.49819444
-34.09211111,24.66575
-34.13530556,24.61744444
-33.74744444,24.64025
-33.81886111,24.88905556
-33.50497222,24.50019444
-33.93486111,24.71483333
-33.43202778,24.61891667
-33.96533333,25.08497222
-33.55541667,24.53897222
-34.01727778,24.65458333
-33.81925,24.17941667
-33.63566667,24.49044444
-33.68183333,24.58166667
-33.91261111,24.83819444
-33.71519444,24.72836111
-33.89397222,24.27327778
-33.85247222,24.96933333
-33.97016667,24.94911111
-33.97075,24.25827778
-33.51130556,24.39147222
-33.27908333,24.79272222
-33.94113889,24.48375
-33.804,24.32655556
-33.95730556,24.39911111
-33.97477778,24.53380556
-33.47483333,24.53308333
-33.38222222,24.46511111
-34.10677778,24.80211111
-33.25841667,24.70172222
-33.99138889,24.15430556
-33.18383333,24.56583333
-33.53611111,24.83663889
-34.18066667,24.81205556
-34.15280556,24.557
-33.85272222,24.5935
-33.33819444,24.76097222
-33.60375,24.69066667
-24.55180556,27.18916667
-24.72772222,27.06819444
-25.00963889,27.68619444
-24.77436111,27.21055556
-24.38213889,27.95866667
-24.75736111,27.945
-24.36161111,27.07644444
-24.60788889,27.67733333
-23.90755556,27.48986111
-24.06463889,27.60219444
-24.80788889,26.60202778
-23.95858333,27.12088889
-24.29630556,27.05877778
-25.07577778,27.06733333
-31.69447222,27.98547222
-31.85425,28.14588889
-31.87111111,28.15327778
-31.02627778,27.23097222
-31.81711111,27.74066667
-31.47480556,27.38380556
-31.42786111,27.36119444
-31.18886111,27.85675
-31.48991667,27.25183333
-30.75391667,28.19461111
-31.30136111,27.6755
-31.86222222,27.80441667
-31.32391667,27.21019444
-31.20294444,27.31052778
-31.26563889,27.15213889
-31.23033333,27.51694444
-31.40233333,27.27655556
-31.13783333,27.47975
-31.47022222,27.63580556
-31.48677778,27.51436111
-30.84363889,27.53419444
-31.42230556,27.48669444
-30.86636111,27.69252778
-31.14183333,27.33058333
-31.10277778,27.38208333
-30.92261111,27.44469444
-31.45288889,27.61494444
-30.89955556,27.61141667
-30.76052778,28.01352778
-30.99986111,27.619
-31.23733333,27.18283333
-27.72894444,21.33008333
-28.84380556,21.89319444
-28.37483333,21.44530556
-29.26666667,21.32488889
-28.70775,20.95719444
-28.57202778,22.49516667
-27.83233333,22.02172222
-28.55955556,22.50005556
-28.58033333,19.96936111
-28.42058333,20.77888889
-28.70111111,22.19227778
-27.34502778,20.22255556
-33.94386111,23.31555556
-33.72055556,22.81502778
-34.06025,23.25694444
-34.04486111,23.25025
-33.33341667,23.01955556
-33.33652778,23.05761111
-33.66508333,23.39947222
-33.09797222,22.80872222
-32.97213889,23.57527778
-33.47486111,23.03030556
-33.56488889,23.38347222
-33.29861111,22.48447222
-33.68611111,22.92775
-34.03825,23.31077778
-33.53916667,22.83647222
-32.56447222,23.41627778
-32.93230556,23.57005556
-32.86402778,23.17247222
-32.80644444,23.532
-33.24344444,22.97683333
-33.39302778,22.93644444
-33.33413889,23.11
-33.18830556,22.95858333
-33.19427778,23.42894444
-32.97266667,23.14797222
-33.3675,23.44197222
-32.69730556,23.40066667
-32.67505556,23.22347222
-33.41511111,22.90077778
-33.20422222,23.54255556
-33.35,23.12725
-33.24155556,23.31225
-33.2365,22.90794444
-32.86916667,23.28047222
-33.25516667,23.55377778
-32.57833333,23.29747222
-33.11561111,23.12925
-32.88819444,23.22775
-33.25358333,23.05522222
-33.04013889,23.53002778
-27.88994444,25.82511111
-28.09972222,26.2235
-28.08980556,25.33391667
-28.43202778,26.35097222
-28.06419444,26.59236111
-27.56486111,26.20033333
-28.22680556,26.25569444
-28.03661111,26.21347222
-28.26205556,26.71161111
-28.57822222,26.43333333
-28.24472222,26.17927778
-28.23919444,26.45219444
-28.23125,26.12911111
-27.88744444,25.89144444
-28.11986111,26.38336111
-28.21986111,25.58213889
-28.30227778,26.01527778
-28.48025,26.63130556
-27.99447222,25.86383333
-27.73652778,25.62844444
-28.38008333,25.56433333
-27.63558333,25.85441667
-28.16308333,26.61083333
-27.99777778,26.25380556
-27.89488889,26.06652778
-28.10905556,26.48522222
-28.29477778,26.48794444
-28.28941667,26.50216667
-32.931,26.44966667
-32.80338889,26.48330556
-33.47916667,26.32038889
-33.01333333,26.97377778
-33.48027778,26.93097222
-33.32422222,26.07880556
-33.07861111,25.84316667
-33.39688889,27.17127778
-33.44063889,26.94588889
-33.09905556,26.19933333
-33.34172222,26.67863889
-33.10827778,25.95527778
-32.93816667,25.96775
-33.53536111,26.53219444
-33.31086111,27.09697222
-33.22013889,26.14063889
-33.33352778,26.46727778
-33.06030556,26.55105556
-33.40586111,26.08722222
-33.04911111,26.10855556
-33.35647222,26.85169444
-33.48272222,27.03061111
-32.90252778,26.80075
-32.996,26.15905556
-33.20716667,26.34905556
-33.74191667,26.51469444
-33.19075,26.04022222
-32.96280556,26.05975
-33.27697222,25.90261111
-33.00063889,26.65611111
-33.14838889,26.64427778
-32.90894444,26.62855556
-32.89477778,26.21425
-33.58519444,26.66369444
-33.27661111,26.63761111
-32.79544444,26.53911111
-33.36447222,25.95505556
-32.89833333,26.34877778
-33.03880556,26.20311111
-32.83561111,26.62805556
-33.67705556,26.43772222
-33.14244444,26.54427778
-33.44413889,26.16483333
-33.40083333,26.2725
-33.05375,26.04266667
-32.95519444,26.13341667
-33.55919444,26.91163889
-33.45319444,26.87275
-32.92725,26.38319444
-33.48483333,27.09575
-33.49236111,26.54930556
-32.99097222,26.30202778
-33.26005556,26.53575
-32.82569444,26.29580556
-33.27216667,26.91977778
-33.38830556,26.54055556
-33.52683333,26.80244444
-29.27661111,18.99827778
-30.0565,17.19719444
-29.78961111,17.80336111
-28.87805556,17.32844444
-30.14825,17.22833333
-30.55286111,17.64233333
-29.63355556,17.87838889
-30.16841667,17.24616667
-29.88727778,18.40086111
-29.45761111,17.70047222
-24.06236111,30.49080556
-24.35505556,29.44627778
-24.38127778,30.29255556
-24.3685,29.48083333
-24.36397222,29.46608333
-24.60663889,29.56305556
-24.26747222,28.98416667
-23.97238889,29.64211111
-24.35619444,29.96563889
-23.82783333,29.38094444
-24.34211111,29.48580556
-24.37102778,29.48094444
-24.47330556,29.69327778
-24.39155556,30.29488889
-24.3685,29.471
-24.51930556,29.79516667
-24.67194444,30.28611111
-24.02372222,30.42702778
-24.37305556,29.47083333
-24.3775,29.48083333
-24.03625,29.58713889
-23.9225,29.87622222
-24.70480556,29.41725
-24.36397222,29.45122222
-24.00905556,30.36919444
-24.35505556,29.44138889
-24.31094444,29.17805556
-24.54475,29.44519444
-24.3595,29.44627778
-23.84713889,29.10383333
-23.44386111,29.27091667
-24.38205556,29.48083333
-23.57183333,29.67325
-24.3685,29.46608333
-24.3775,29.471
-24.38205556,29.47594444
-24.14411111,30.32925
-24.35052778,29.44138889
-24.3775,29.47594444
-24.52125,29.99944444
-23.9475,29.07561111
-31.15766667,27.03922222
-31.18961111,26.98538889
-31.26030556,26.87961111
-31.29066667,26.58580556
-31.74755556,26.95025
-31.07777778,26.69577778
-31.86883333,26.4155
-31.04580556,26.57663889
-31.50305556,26.97088889
-31.95947222,26.45630556
-31.89061111,26.76183333
-31.90830556,26.65213889
-31.84863889,26.267
-31.15577778,26.54638889
-31.20230556,26.71830556
-31.18161111,26.27716667
-31.96538889,26.69691667
-31.51886111,26.66530556
-31.40672222,27.04486111
-31.62955556,26.65227778
-31.47941667,26.71669444
-31.18502778,26.91061111
-31.70622222,26.59433333
-31.13458333,26.45263889
-31.82008333,26.35605556
-31.71027778,26.63422222
-31.424,26.60513889
-31.22538889,26.78152778
-31.54480556,26.16927778
-31.26136111,27.08391667
-31.72997222,26.59872222
-31.40516667,26.47347222
-31.74661111,26.26408333
-31.72102778,26.186
-31.46038889,26.42586111
-31.59761111,26.39597222
-31.14472222,26.68688889
-31.81233333,26.79433333
-31.31322222,26.45938889
-31.70455556,26.49794444
-31.32444444,26.69252778
-31.26675,26.73233333
-31.36138889,26.29166667
-32.86647222,18.80241667
-33.35011111,19.357
-33.02,18.26
-33.15372222,19.80919444
-32.98522222,18.99438889
-33.15511111,18.97094444
-32.35827778,18.70808333
-33.22386111,18.72547222
-32.48355556,18.82475
-33.30141667,19.36541667
-33.15255556,18.96766667
-33.23291667,19.53419444
-32.60777778,18.93725
-33.183,19.45216667
-32.955512,19.047683
-32.955267,19.04775
-32.95512,19.047847
-32.954964,19.047726
-32.955417,19.047648
-32.955485,19.046312
-32.971144,19.049908
-32.970713,19.051607
-32.955277,19.0473
-32.970574,19.05
-32.970674,19.050227
-32.954736,19.046401
-32.970467,19.051009
-32.971047,19.051955
-32.954956,19.047084
-32.970512,19.050787
-27.81058333,27.88483333
-27.81038889,28.11505556
-27.60016667,28.29466667
-28.381,27.88744444
-27.76197222,27.53019444
-28.29591667,28.21086111
-28.38505556,28.04877778
-27.89786111,28.17033333
-27.88808333,28.06244444
-28.18875,27.36822222
-28.1295,27.49147222
-28.45855556,28.10977778
-28.03197222,27.22727778
-28.39283333,28.02233333
-28.27444444,27.64458333
-27.75477778,28.05641667
-27.65941667,28.15530556
-27.63777778,27.51686111
-27.77972222,27.616
-27.88163889,27.30375
-27.71352778,27.58619444
-27.66522222,27.7395
-27.97083333,27.33997222
-27.48305556,27.67916667
-27.54433333,27.51394444
-27.55605556,27.72352778
-27.87722222,27.59705556
-27.71608333,28.19338889
-27.98177778,27.48477778
-27.82625,27.36616667
-27.56355556,27.63155556
-26.94186111,29.52586111
-26.65286111,29.33386111
-27.38216667,29.42869444
-26.467,30.29277778
-26.44947222,29.95047222
-26.33919444,29.94211111
-27.21955556,30.80061111
-26.9765,29.76283333
-26.32352778,30.38591667
-27.28119444,29.89425
-26.47419444,29.50441667
-26.91188889,29.88419444
-27.02708333,29.81752778
-26.93963889,29.48247222
-26.76836111,30.25191667
-26.54088889,30.41305556
-27.09686111,30.18411111
-26.55647222,30.03080556
-26.60311111,29.81261111
-26.41605556,29.51008333
-26.26291667,29.84427778
-26.44738889,29.59038889
-26.32586111,29.45844444
-26.56186111,30.04741667
-27.27433333,30.02025
-26.12477778,29.76152778
-26.97297222,29.52991667
-27.16241667,30.67891667
-26.64244444,29.69075
-26.59113889,29.80475
-27.07644444,29.32741667
-26.43469444,29.89286111
-26.15133333,29.48325
-26.16538889,29.49619444
-28.33013889,28.23097222
-27.82613889,29.58002778
-27.97252778,29.36008333
-28.51788889,28.442
-27.74719444,28.38780556
-28.15722222,28.29741667
-27.87230556,28.72208333
-28.41527778,29.13447222
-28.31969444,29.20252778
-27.92708333,28.95988889
-28.6465,28.28441667
-27.9205,28.64719444
-27.45980556,28.58180556
-28.38388889,28.48816667
-27.40727778,28.78491667
-28.09127778,28.28694444
-27.863,28.34755556
-27.54455556,28.49083333
-28.62347222,28.37158333
-28.40047222,28.75008333
-27.49869444,29.44511111
-27.88527778,28.58002778
-28.11022222,29.51925
-28.41555556,28.90347222
-28.38938889,28.28044444
-28.34477778,28.71183333
-28.08083333,29.05797222
-27.719,28.35358333
-32.94947222,25.81880556
-31.89580556,25.97847222
-32.14441667,25.75638889
-32.62233333,25.89238889
-32.07980556,26.13680556
-32.87944444,25.96852778
-31.91316667,26.04369444
-32.15622222,25.87583333
-31.93313889,26.28363889
-31.94375,26.09552778
-32.05880556,25.62761111
-32.276,25.80022222
-32.20605556,25.90083333
-32.38702778,25.69455556
-32.42280556,25.66086111
-32.96691667,25.77913889
-32.38863889,26.07980556
-32.67633333,25.66777778
-31.88569444,25.92055556
-32.19655556,26.11294444
-31.93763889,25.95941667
-32.18191667,25.54108333
-31.7815,25.77275
-31.81802778,26.02441667
-31.95363889,26.01461111
-32.28855556,25.52183333
-32.60155556,25.70925
-32.37447222,25.65775
-32.20688889,26.37752778
-32.39105556,25.46275
-32.3155,25.49347222
-32.33258333,25.837
-32.63533333,26.37630556
-32.54283333,26.10627778
-32.45605556,26.05905556
-32.65363889,26.26641667
-32.55436111,25.74702778
-32.40944444,26.11569444
-31.85566667,26.17
-32.57641667,26.45386111
-32.62225,25.84313889
-32.11325,26.43380556
-32.61175,26.03119444
-32.69619444,26.22911111
-32.66186111,26.18880556
-32.51408333,25.82963889
-31.88958333,26.16030556
-32.30633333,26.15777778
-32.16055556,26.26619444
-32.55111111,26.26227778
-32.76658333,25.87869444
-32.25552778,22.04127778
-31.77869444,22.77672222
-31.91822222,21.47597222
-31.90491667,23.05558333
-31.49555556,21.80002778
-31.83266667,21.02302778
-32.32280556,22.60602778
-32.43119444,21.03822222
-32.29516667,22.664
-32.09783333,22.40675
-31.88765556,22.74852778
-31.91005556,21.16897222
-32.58677778,21.85038889
-32.09102778,21.44113889
-25.63694444,28.29138889
-25.66061111,27.47772222
-25.64875,28.26527778
-26.104,27.58816667
-25.46527778,27.64769444
-25.8065,27.84747222
-25.3975,27.60308333
-25.64758333,28.25863889
-25.71127778,27.62913889
-26.34277778,27.90072222
-26.10541667,28.20722222
-25.51727778,27.67444444
-25.27438889,28.02805556
-25.65030556,28.25713889
-25.66827778,27.80016667
-25.49,27.45547222
-25.85855556,27.64244444
-25.43702778,27.41908333
-26.11475,27.58797222
-25.88227778,27.44947222
-25.63694444,28.29444444
-25.7045,27.62469444
-25.79158333,28.53616667
-25.53222222,27.40983333
-26.29002778,28.14652778
-25.81297222,27.75238889
-25.65008333,28.26825
-25.67377778,27.67280556
-25.53144444,27.82516667
-26.33202778,27.93608333
-26.04483333,28.25666667
-26.05394444,28.27061111
-25.56261111,28.09883333
-26.03252778,28.26197222
-25.70605556,27.95633333
-25.72911111,28.27686111
-26.06727778,28.28225
-34.00283333,21.63791667
-34.31938889,21.87808333
-34.12894444,21.45958333
-34.15277778,21.98941667
-33.46122222,22.45016667
-34.26466667,21.88397222
-34.06747222,22.06338889
-33.58358333,22.39761111
-34.10258333,21.82833333
-33.50902778,22.01372222
-34.12675,21.79838889
-33.54858333,21.93730556
-33.56027778,22.05202778
-34.14,21.54463889
-33.99986111,22.27680556
-33.52227778,22.38511111
-33.99588889,22.26722222
-33.0035,22.00013889
-34.22383333,21.90336111
-30.78813889,22.44975
-29.01141667,22.90872222
-30.19497222,23.62766667
-30.56386111,22.88219444
-30.22233333,23.12127778
-30.86586111,22.33063889
-30.32516667,23.05672222
-31.06038889,23.46669444
-30.04552778,22.74741667
-31.13955556,23.565
-30.94952778,23.58938889
-30.80938889,22.076
-30.47102778,23.53316667
-29.62225,23.20138889
-29.497,23.65180556
-30.20855556,20.62675
-30.19344444,20.162
-29.27961111,19.77488889
-30.84527778,20.574
-30.36077778,21.81963889
-29.2275,20.35744444
-30.13491667,21.04144444
-30.16455556,21.81875
-29.96875,30.51097222
-29.98416667,30.65605556
-29.76416667,30.67705556
-30.37458333,30.46197222
-30.78425,30.19025
-30.27241667,30.72897222
-29.89777778,30.29027778
-29.98886111,30.36230556
-30.68252778,30.26147222
-29.90077778,30.44786111
-30.42869444,30.63069444
-27.52780556,26.29177778
-27.60325,26.44608333
-27.13741667,27.21713889
-27.77136111,27.03452778
-27.65983333,26.68663889
-27.61794444,26.78058333
-27.65505556,26.56633333
-27.36216667,27.26286111
-27.20583333,26.60538889
-27.80447222,26.69727778
-27.25497222,27.03625
-27.87558333,27.01338889
-27.22947222,26.47941667
-26.95047222,26.87863889
-27.85166667,26.98038889
-27.68375,26.80669444
-27.64591667,27.00094444
-27.22994444,26.70563889
-27.35436111,26.60797222
-26.96894444,26.93825
-27.79988889,26.85875
-27.07744444,27.17488889
-27.16475,27.03430556
-27.15358333,26.84913889
-27.54755556,26.84119444
-27.0505,26.97180556
-26.96647222,27.10380556
-27.10405556,27.00122222
-27.27319444,27.15380556
-26.96002778,26.83047222
-27.02897222,26.65888889
-27.43130556,27.27894444
-26.97561111,27.05325
-27.13319444,27.09519444
-27.24044444,27.00158333
-27.30913889,26.76433333
-27.13072222,26.72113889
-26.94475,27.14383333
-22.90172222,28.81730556
-24.01094444,28.40413889
-22.57655556,28.36738889
-24.21866667,28.152
-24.20825,28.12272222
-23.70425,29.07008333
-23.19605556,27.77108333
-24.33080556,28.26833333
-23.18966667,27.77894444
-23.88033333,27.97313889
-23.61538889,28.15758333
-23.69963889,28.23652778
-22.76136111,28.59775
-23.70430556,28.88525
-23.71761111,28.08677778
-23.41688889,28.92447222
-23.2695,28.21722222
-24.455,28.309
-23.79194444,28.88063889
-23.70027778,27.74802778
-23.91327778,28.45541667
-22.93205556,28.24372222
-22.70488889,28.60691667
-23.90308333,28.97588889
-33.47269444,24.11755556
-32.93852778,23.97013889
-33.45180556,23.66625
-33.96944444,23.85325
-33.39166667,24.03775
-33.79863889,24.01469444
-33.21233333,24.14530556
-33.61102778,24.23377778
-33.264,24.13333333
-33.23508333,23.72191667
-33.35597222,23.94569444
-33.23505556,24.38847222
-33.22672222,24.02738889
-33.95833333,23.66838889
-33.26066667,23.82919444
-33.40977778,23.79388889
-33.52138889,23.75808333
-33.82305556,23.82325
-33.74383333,23.95183333
-33.42533333,24.00627778
-33.99572222,23.79133333
-33.52461111,23.90230556
-33.39425,24.17308333
-33.87983333,24.05575
-33.335,24.12463889
-33.92563889,23.78175
-33.03555556,24.24286111
-33.17191667,23.77216667
-33.28822222,23.77308333
-33.08977778,24.29797222
-32.94713889,23.76802778
-33.82058333,23.71588889
-33.04580556,24.36338889
-33.04002778,24.04863889
-33.51391667,24.31386111
-33.57533333,24.07736111
-33.36130556,23.70588889
-34.031,19.19908333
-33.94911111,18.87352778
-33.48536111,18.92438889
-33.61833333,19.52572222
-33.62741667,19.55075
-34.20344444,19.21988889
-33.46569444,19.62994444
-33.46683333,19.65002778
-34.07361111,19.24397222
-34.22597222,19.27486111
-33.94863889,18.86925
-33.63866667,19.09127778
-33.908138,18.823014
-33.907157,18.824391
-33.908061,18.820929
-33.907575,18.821053
-33.907492,18.823737
-33.908651,18.822577
-33.908461,18.82122
-32.31591667,26.97680556
-31.86302778,27.40944444
-32.40130556,26.79888889
-32.8525,27.13344444
-32.03672222,26.94316667
-31.855,27.212
-32.03411111,27.07580556
-32.12052778,27.05688889
-32.61986111,27.32830556
-32.45222222,27.21961111
-32.7325,26.88947222
-32.76586111,27.06255556
-32.47211111,27.27827778
-32.5745,26.52211111
-32.67030556,26.55294444
-32.27155556,27.05027778
-32.2115,27.07786111
-32.06166667,26.94394444
-32.01688889,27.08055556
-32.05263889,26.7885
-32.01336111,26.80269444
-32.36725,26.99091667
-32.95547222,27.06466667
-32.29858333,27.21269444
-32.91941667,26.99508333
-32.8915,27.14536111
-32.94441667,27.19605556
-32.46558333,27.36
-31.85386111,26.9795
-32.40397222,27.30672222
-32.42675,27.058
-25.861,28.93475
-25.65922222,28.79952778
-25.07377778,29.153
-25.8805,28.70538889
-25.61447222,29.10936111
-25.80225,28.67122222
-25.72116667,28.78088889
-24.79625,28.85208333
-25.72383333,28.70147222
-24.86572222,29.35211111
-25.76811111,29.09005556
-25.84466667,28.75841667
-25.49830556,28.67205556
-25.15316667,29.03163889
-33.54813889,19.86877778
-34.15063889,19.88141667
-34.39066667,19.83633333
-34.26238889,19.75575
-33.92202778,20.10619444
-34.56727778,19.69394444
-34.36369444,20.04119444
-34.31322222,20.2135
-34.412,19.99963889
-34.06138889,19.43922222
-34.21958333,19.78652778
-34.08988889,20.08741667
-34.09547222,20.07702778
-33.87747222,19.731
-33.86852778,19.99269444
-33.86413889,19.65016667
-34.21272222,19.35036111
-34.13730556,19.50608333
-34.21508333,20.17936111
-34.62877778,20.13325
-33.96875,19.80227778
-34.22908333,19.78852778
-34.57583333,19.69677778
-34.00777778,19.89269444
-34.32675,20.16466667
-34.2525,19.67127778
-34.464835,19.673598
-34.469852,19.677237
-34.470127,19.677406
-34.469429,19.677205
-34.470144,19.67723
-34.470323,19.677333
-34.470291,19.677465
-34.465143,19.67439
-34.470219,19.677302
-34.470372,19.677408
-34.470054,19.67736
-34.469563,19.67736
-34.46516,19.673509
-34.469725,19.677488
-34.469441,19.677396
-34.470344,19.677552
-34.46975,19.677373
-34.469773,19.677233
-34.464915,19.6745
-29.32202778,31.34369444
-29.38186111,30.94591667
-28.20055556,32.49583333
-29.43008333,31.27591667
-29.50936111,31.20622222
-29.05813889,31.50788889
-29.51744444,31.08647222
-28.19422222,32.48886111
-29.49097222,31.21758333
-29.65094444,30.95805556
-28.20555556,32.50416667
-29.41041667,31.28002778
-28.94875,31.72730556
-28.54255556,31.06841667
-30.42891667,25.48875
-31.08561111,25.83783333
-30.73569444,26.09802778
-30.30722222,25.18494444
-31.31027778,25.56022222
-31.17227778,25.64680556
-30.76519444,25.86855556
-31.65119444,25.92788889
-31.39030556,25.93694444
-30.16177778,25.46319444
-31.20258333,25.44766667
-31.15369444,26.18402778
-31.45016667,25.56552778
-30.74494444,25.62766667
-31.21311111,25.90227778
-30.36027778,25.66702778
-30.67675,25.51194444
-31.586,25.73933333
-30.96636111,26.17722222
-31.11155556,25.98244444
-30.99375,25.62444444
-31.12011111,25.82977778
-31.58802778,25.87463889
-31.18105556,25.82733333
-31.30708333,25.66208333
-30.71022222,26.25452778
-31.28822222,25.44980556
-31.48819444,25.63936111
-30.89747222,25.89627778
-30.70461111,25.49516667
-30.88077778,26.14838889
-31.04861111,25.69488889
-31.06708333,25.90958333
-31.25791667,25.58952778
-31.17436111,25.57558333
-30.5525,25.41311111
-30.97602778,25.52230556
-30.81077778,25.57775
-31.1205,25.909
-31.312,25.77122222
-31.32363889,25.88047222
-31.45519444,25.75797222
-31.05438889,26.26716667
-30.89972222,26.38705556
-33.7625,25.52552778
-33.42405556,25.92177778
-33.15877778,25.80333333
-33.21802778,25.80963889
-33.99683333,25.64413889
-33.17361111,25.75938889
-33.40894444,25.41344444
-33.16788889,25.35341667
-33.45583333,25.50266667
-33.77030556,25.13383333
-33.19975,25.41647222
-33.31419444,25.74127778
-33.53022222,25.58913889
-33.87288889,25.62319444
-33.34175,25.44216667
-33.60583333,25.61661111
-33.26566667,25.85486111
-33.57747222,25.36272222
-33.64597222,25.96711111
-33.68030556,25.02341667
-33.53775,25.11341667
-33.47952778,25.47425
-34.02222222,25.55369444
-33.90147222,25.15430556
-33.38530556,25.14597222
-33.74011111,25.32916667
-33.72688889,25.76677778
-33.93266667,25.33369444
-33.7455,25.10186111
-33.37961111,25.28336111
-33.91472222,25.21777778
-33.54591667,25.4535
-33.96388889,25.26491667
-33.38444444,25.02844444
-33.91263889,25.44525
-33.36386111,24.96047222
-26.90447222,27.95694444
-27.21511111,27.83719444
-26.71116667,27.72188889
-26.81394444,28.02075
-27.22408333,27.53608333
-26.77552778,28.25452778
-26.99013889,27.70163889
-26.43408333,27.74447222
-27.28886111,27.45433333
-26.99038889,27.32625
-26.63986111,27.75269444
-27.21966667,28.63575
-26.60263889,27.90447222
-26.84538889,27.62925
-26.88608333,27.77183333
-26.78455556,27.67541667
-27.39911111,27.52605555
-27.2245,27.56011111
-26.55883333,27.80311111
-27.09358333,27.36930556
-27.21841667,27.64202778
-26.89761111,27.77794444
-27.30513889,28.21488889
-26.839,27.71647222
-27.36183333,27.48591667
-27.22058333,27.74177778
-26.88,27.50241667
-26.85136111,27.89983333
-27.21825,28.485
-27.45063889,28.32211111
-27.30155556,27.58155556
-26.98783333,27.65230556
-27.38247222,28.18558333
-27.38288889,27.63680556
-26.93347222,28.02425
-27.36433333,28.07230556
-27.29566667,27.7505
-27.13897222,27.44438889
-27.22144444,27.74397222
-26.75491667,27.58711111
-27.35755556,28.01369444
-26.98069444,28.40033333
-27.03580556,27.62563889
-27.31683333,28.28575
-27.25605556,22.47666667
-27.6095,23.70494444
-27.67011111,23.34066667
-25.77238889,20.71319444
-27.87491667,22.96691667
-27.57830556,23.818
-30.37072222,29.22488889
-31.82872222,28.87388889
-31.02483333,28.88986111
-31.20727778,29.81938889
-30.76766667,28.45633333
-30.27702778,29.58322222
-30.47480556,28.46905556
-30.33186111,28.36561111
-30.80294444,29.33175
-31.25144444,29.59255556
-31.15458333,28.48444444
-30.90361111,29.82738889
-25.78583333,29.68855556
-25.62683333,29.75755556
-25.76583333,29.96869444
-25.83519444,30.55836111
-25.99466667,30.57283333
-25.95311111,29.91944444
-25.56230556,29.8545
-25.48541667,30.28777778
-25.36816667,29.99580556
-25.39275,30.60202778
-26.05216667,29.59266667
-25.81222222,29.90575
-25.25236111,29.84886111
-25.67902778,29.66652778
-25.71480556,30.29461111
-24.84441667,30.08405556
-25.67775,30.13436111
-25.94655556,29.77647222
-25.95294444,30.33727778
-26.03508333,29.58291667
-25.47988889,30.30302778
-25.56211111,30.20997222
-25.98236111,29.47072222
-30.00877778,26.93055556
-30.97311111,26.63647222
-30.56383333,27.19316667
-30.70633333,26.73291667
-30.81797222,26.62683333
-30.06888889,26.42725
-30.29969444,26.7335
-30.77997222,26.89958333
-30.28358333,27.25805556
-30.33194444,27.33997222
-30.82186111,26.62872222
-30.96636111,27.03936111
-30.32694444,26.3765
-30.45322222,27.07247222
-30.20441667,27.23138889
-30.87688889,27.06533333
-30.39308333,27.49741667
-30.454,26.36147222
-30.71175,26.83786111
-30.73902778,26.49077778
-30.74586111,27.14744444
-30.90088889,26.94625
-30.43952778,27.53488889
-30.90788889,26.53436111
-30.72511111,26.41352778
-30.58136111,27.09116667
-30.87069444,27.20055556
-31.07038889,27.01344444
-30.90475,27.26569444
-30.60886111,26.45597222
-30.80997222,27.31169444
-30.70197222,27.06883333
-30.89966667,26.88683333
-31.02169444,27.04358333
-30.96030556,27.21663889
-30.85966667,26.41769444
-30.85997222,26.61958333
-31.00238889,26.85369444
-30.55402778,27.43011111
-30.53466667,27.33675
-30.77127778,26.65405556
